{
  "device_id": "demo_device",
  "start_time": 1747543812.1869678,
  "end_time": 1747543817.1869678,
  "duration": 5.0,
  "sample_rate": 16000,
  "channels": 1,
  "normalized": true,
  "demo": true
}