{
  "device_id": "demo_device",
  "start_time": 1747542983.5316997,
  "end_time": 1747542988.5316997,
  "duration": 5.0,
  "normalized": true,
  "demo": true
}