{
  "device_id": "demo_device",
  "start_time": 1749230413.254306,
  "end_time": 1749230418.254306,
  "duration": 5.0,
  "normalized": true,
  "demo": true
}